index,Continent,Country,City,Jan,Feb,Mar,Apr,May,Jun,Jul,Aug,Sep,Oct,Nov,Dec,Year
0,Africa,Ivory Coast,Gagnoa,183.0,180.0,196.0,188.0,181.0,118.0,97.0,80.0,110.0,155.0,171.0,164.0,1823.0
1,Africa,Ivory Coast,Bouaké,242.0,224.0,219.0,194.0,208.0,145.0,104.0,82.0,115.0,170.0,191.0,198.0,2092.0
2,Africa,Ivory Coast,Abidjan,223.0,223.0,239.0,214.0,205.0,128.0,137.0,125.0,139.0,215.0,224.0,224.0,2296.0
3,Africa,Ivory Coast,Odienné,242.0,220.2,217.3,214.7,248.8,221.8,183.5,174.5,185.4,235.8,252.0,242.6,2638.6
4,Africa,Ivory Coast,Ferké,279.0,249.0,253.0,229.0,251.0,221.0,183.0,151.0,173.0,245.0,261.0,262.0,2757.0
5,Africa,Benin,Cotonou,213.9,210.0,223.2,219.0,213.9,141.0,136.4,148.8,165.0,207.7,243.0,223.2,2345.2
6,Africa,Benin,Parakou,261.0,243.0,252.0,230.0,239.0,193.0,133.0,104.0,129.0,217.0,252.0,248.0,2501.0
7,Africa,Benin,Kandi,279.0,257.6,260.4,255.0,272.8,252.0,223.2,195.3,213.0,275.9,282.0,279.0,3045.2
8,Africa,Togo,Lomé,217.5,214.0,227.9,201.9,208.6,146.0,141.6,148.8,152.5,205.5,234.0,235.6,2333.9
9,Africa,Togo,Mango,285.0,254.0,270.0,241.0,261.0,219.0,168.0,131.0,161.0,273.0,284.0,279.0,2826.0
10,Africa,Ghana,Accra,217.0,226.0,217.0,210.0,217.0,150.0,155.0,155.0,180.0,217.0,240.0,248.0,2432.0
11,Africa,Ghana,Tamale,265.6,235.7,249.6,229.0,248.0,212.0,171.5,139.0,161.0,260.9,283.0,263.5,2718.7
12,Africa,Ghana,Kumasi,186.6,187.2,205.4,204.0,204.7,146.3,101.2,77.0,106.2,161.4,193.8,178.0,1951.8
13,Africa,Cameroon,Garoua,275.0,252.6,260.1,245.4,256.7,224.4,194.0,187.2,204.5,261.5,279.2,286.5,2927.1
14,Africa,Cameroon,N'Gaoundéré,286.4,258.7,235.4,195.5,195.4,165.7,128.0,127.8,139.0,184.0,264.1,291.4,2471.4
15,Africa,Cameroon,Douala,184.0,179.0,170.0,174.0,169.0,107.0,55.0,46.0,79.0,120.0,160.0,175.0,1618.0
16,Africa,Cameroon,Yaoundé,177.0,172.0,149.0,153.0,158.0,112.0,85.0,83.0,97.0,120.0,159.0,179.0,1644.0
17,Africa,Gabon,Libreville,175.2,176.8,176.9,176.8,159.5,130.6,119.2,90.4,95.9,112.9,134.6,167.8,1716.6
18,Africa,Gabon,Port-Gentil,150.4,160.8,154.5,151.5,147.8,156.3,163.1,135.3,125.7,116.1,115.1,147.2,1723.8
19,Africa,Nigeria,Lagos,164.3,169.5,173.6,180.0,176.7,114.0,99.2,108.5,114.0,167.4,186.0,192.2,1845.4
20,Africa,Nigeria,Makurdi,236.0,226.0,223.0,216.0,223.0,177.0,143.0,118.0,144.0,198.0,228.0,248.0,2380.0
21,Africa,Nigeria,Jos,307.0,274.0,260.0,220.0,208.0,201.0,151.0,127.0,171.0,242.0,294.0,313.0,2768.0
22,Africa,Nigeria,Kano,275.0,255.0,267.0,252.0,273.0,261.0,233.0,186.0,237.0,295.0,297.0,285.0,3114.0
23,Africa,Nigeria,Sokoto,279.0,269.0,282.0,255.0,279.0,282.0,229.0,208.0,243.0,307.0,297.0,288.0,3238.0
24,Africa,Sudan,Port Sudan,214.0,230.0,282.0,312.0,338.0,309.0,307.0,298.0,300.0,307.0,249.0,236.0,3382.0
25,Africa,Sudan,Khartoum,341.0,311.0,310.0,330.0,300.0,300.0,279.0,279.0,300.0,310.0,330.0,341.0,3737.1
26,Africa,Eritrea,Asmara,304.7,289.1,300.7,300.5,298.5,271.5,217.9,220.1,260.4,301.0,292.5,299.1,3361.0
27,Africa,Burkina Faso,Ouagadougou,287.0,263.0,264.0,256.0,277.0,264.0,240.0,223.0,217.0,273.0,288.0,284.0,3136.0
28,Africa,Burkina Faso,Ouahigouya,291.0,267.0,280.0,268.0,284.0,272.0,258.0,253.0,261.0,280.0,288.0,280.0,3282.0
29,Africa,Niger,Niamey,297.6,263.2,269.7,252.0,279.0,267.0,257.3,235.6,235.6,282.6,282.0,279.0,3203.2
30,Africa,Chad,N'Djamena,297.6,277.2,282.1,273.0,285.2,258.0,213.9,201.5,228.0,285.2,300.0,303.8,3205.5
31,Africa,Chad,Abéché,316.2,291.2,300.7,300.0,313.1,300.0,254.2,226.3,261.0,306.9,312.0,319.3,3500.9
32,Africa,Gambia,Banjul,279.0,282.0,310.0,300.0,310.0,270.0,186.0,186.0,180.0,248.0,240.0,279.0,3070.0
33,Africa,Senegal,Dakar,253.0,249.0,303.0,301.0,299.0,259.0,233.0,204.0,219.0,254.0,256.0,249.0,3078.0
34,Africa,Senegal,Thiès,267.0,260.0,325.0,332.0,324.0,276.0,226.0,188.0,221.0,267.0,271.0,257.0,3214.0
35,Africa,Somalia,Mogadishu,268.0,251.0,282.0,260.0,273.0,218.0,226.0,253.0,265.0,267.0,261.0,259.0,3082.0
36,Africa,Somalia,Buloburde,290.0,283.0,293.0,249.0,287.0,261.0,216.0,238.0,262.0,230.0,246.0,268.0,3124.0
37,Africa,Djibouti,Djibouti City,254.0,249.0,279.0,279.0,310.0,237.0,236.0,276.0,282.0,310.0,291.0,276.0,3279.0
38,Africa,Mali,Ségou,292.0,276.0,292.0,263.0,274.0,266.0,254.0,223.0,242.0,283.0,287.0,287.0,3239.0
39,Africa,Mali,Timbuktu,283.0,288.0,297.0,283.0,306.0,284.0,294.0,281.0,279.0,291.0,287.0,276.0,3447.0
40,Africa,Mali,Bamako,277.4,253.0,268.1,230.4,242.6,233.6,216.6,218.3,221.7,253.7,270.7,268.9,2954.1
41,Africa,Algeria,Algiers,149.0,165.0,202.0,258.0,319.0,318.0,350.0,319.0,237.0,229.0,165.0,136.0,2847.0
42,Africa,Algeria,Tamanrasset,297.6,275.5,322.4,327.0,328.6,306.0,356.5,331.7,288.0,310.0,285.0,272.8,3686.0
43,Africa,Tunisia,Tunis,145.7,165.3,198.4,225.0,282.1,309.0,356.5,328.6,258.0,217.0,174.0,148.8,2808.4
44,Africa,Tunisia,Gabes,220.1,215.6,251.1,267.0,313.1,321.0,372.0,353.4,279.0,260.4,228.0,210.8,3291.5
45,Africa,Morocco,Rabat,179.8,183.6,232.5,255.0,291.4,288.0,316.2,306.9,261.0,235.6,189.0,179.8,2918.8
46,Africa,Morocco,Marrakech,220.1,211.8,248.0,255.0,288.3,315.0,334.8,316.2,264.0,244.9,213.0,220.1,3131.2
47,Africa,Morocco,Ouarzazate,251.8,244.9,297.2,315.2,332.7,335.0,317.7,293.2,266.4,271.3,242.9,248.1,3416.4
48,Africa,Egypt,Cairo,229.4,234.9,279.0,306.0,331.7,363.0,372.0,356.5,318.0,294.5,246.0,210.8,3541.8
49,Africa,Egypt,Alexandria,217.0,226.2,279.0,318.0,337.9,357.0,372.0,368.9,333.0,306.9,246.0,207.7,3579.5
50,Africa,Egypt,Helwan,235.6,246.5,291.4,318.0,353.4,384.0,390.6,375.1,333.0,303.8,258.0,235.6,3725.0
51,Africa,Libya,Tripoli,206.0,214.0,237.0,250.0,315.0,312.0,376.0,352.0,271.0,244.0,212.0,198.0,3187.0
52,Africa,Libya,Benghazi,179.8,192.0,232.5,252.0,319.3,327.0,381.3,365.8,288.0,251.1,213.0,167.4,3169.2
53,Africa,Kenya,Mombasa,269.7,257.1,269.7,225.0,204.6,207.0,210.8,244.9,246.0,272.8,264.0,260.4,2932.0
54,Africa,Kenya,Nairobi,288.3,266.0,266.6,204.0,189.1,159.0,130.2,127.1,180.0,226.3,198.0,257.3,2491.9
55,Africa,Kenya,Garissa,251.1,235.2,263.5,273.0,282.1,255.0,254.2,257.3,270.0,279.0,252.0,241.8,3114.2
56,Africa,Kenya,Lodwar,319.0,280.0,282.0,279.0,307.0,297.0,279.0,310.0,321.0,316.0,282.0,310.0,3582.0
57,Africa,Angola,Luanda,219.0,208.0,213.0,199.0,233.0,223.0,175.0,150.0,145.0,164.0,199.0,212.0,2341.0
58,Africa,South Sudan,Juba,288.3,237.8,220.1,195.0,241.8,225.0,182.9,213.9,225.0,235.6,237.0,251.1,2753.5
59,Africa,South Sudan,Wau,300.7,269.7,260.4,228.0,254.2,237.0,176.7,192.2,210.0,229.4,267.0,303.8,2929.1
60,Africa,Tanzania,Dar-es-Salaam,251.0,241.0,217.0,156.0,192.0,231.0,251.0,242.0,243.0,254.0,270.0,287.0,2815.0
61,Africa,Tanzania,Zanzibar,251.0,243.0,213.0,180.0,210.0,220.0,235.0,253.0,254.0,270.0,250.0,259.0,2838.0
62,Africa,Tanzania,Tabora,216.0,218.0,219.0,227.0,283.0,303.0,310.0,297.0,312.0,301.0,240.0,217.0,3143.0
63,Africa,Tanzania,Dodoma,241.8,217.5,241.8,240.0,279.0,294.0,341.0,297.6,300.0,310.0,303.0,269.7,3335.4
64,Africa,Ethiopia,Mekelle,294.2,276.7,279.9,277.2,303.2,230.1,165.5,166.5,248.7,291.1,292.8,303.5,3129.4
65,Africa,Ethiopia,Addis Abeba,269.7,246.5,248.0,213.0,217.0,156.0,68.2,83.7,138.0,266.6,267.0,266.6,2440.3
66,Africa,Congo,Brazaville,168.0,152.0,194.0,185.0,188.0,153.0,127.0,149.0,145.0,150.0,157.0,147.0,1915.0
67,Africa,Congo,Pointe-Noire,157.0,156.0,164.0,160.0,150.0,132.0,119.0,106.0,70.0,93.0,123.0,144.0,1574.0
68,Africa,Congo,Dolisie,153.0,164.0,159.0,152.0,151.0,136.0,119.0,105.0,91.0,116.0,128.0,133.0,1607.0
69,Africa,Democratic Republic of the Congo,Kinshasa,124.0,140.0,155.0,150.0,155.0,120.0,124.0,155.0,120.0,155.0,150.0,124.0,1672.0
70,Africa,Democratic Republic of the Congo,Lubumbashi,129.0,120.0,174.0,234.0,291.0,295.0,315.0,318.0,294.0,282.0,194.0,132.0,2778.0
71,Africa,Mauritania,Nouadhibou,271.0,248.0,300.0,295.0,315.0,303.0,275.0,281.0,261.0,260.0,257.0,264.0,3332.0
72,Africa,Mauritania,Nouakchott,267.0,250.0,302.0,311.0,320.0,284.0,271.0,265.0,266.0,263.0,268.0,267.0,3333.0
73,Africa,South Africa,Pretoria,261.0,235.0,254.0,246.6,283.0,271.0,289.0,296.0,284.0,275.0,254.0,272.0,3220.0
74,Africa,South Africa,Cape Town,337.9,297.4,292.9,233.5,205.3,175.4,193.1,212.1,224.7,277.7,309.8,334.2,3094.0
75,Africa,South Africa,Johannesburg,250.1,224.8,238.8,236.9,276.0,266.9,283.9,284.1,280.8,269.5,248.7,263.9,3124.4
76,Africa,South Africa,Bloemfontein,296.3,247.9,258.6,250.2,266.0,249.9,272.6,285.9,278.0,290.9,296.5,319.5,3312.3
77,Africa,South Africa,Upington,352.9,298.7,297.5,283.5,290.5,270.3,289.8,307.3,300.2,328.9,345.2,367.0,3731.8
78,Africa,South Africa,Durban,184.0,178.8,201.6,206.4,223.6,224.9,230.4,217.0,173.3,169.4,166.1,189.9,2365.4
79,Africa,Botswana,Maun,245.0,207.0,257.0,282.0,310.0,300.0,313.0,332.0,315.0,291.0,264.0,214.0,3330.0
80,Africa,Botswana,Gaborone,280.6,261.5,264.4,260.5,284.2,260.0,292.4,313.6,308.4,295.4,265.5,285.2,3371.0
81,Africa,Botswana,Ghanzi,295.0,280.0,313.0,282.0,316.0,306.0,316.0,319.0,305.0,279.0,300.0,267.0,3579.0
82,Africa,Zambia,Ndola,151.9,142.8,192.2,243.0,279.0,276.0,297.6,297.6,279.0,269.7,207.0,158.1,2793.9
83,Africa,Zambia,Lusaka,176.7,168.0,220.1,246.0,275.9,270.0,294.5,303.8,291.0,272.8,234.0,182.9,2935.7
84,Africa,Zambia,Livingstone,213.9,196.0,251.1,273.0,303.8,288.0,310.0,319.3,297.0,279.0,228.0,207.7,3166.8
85,Africa,Zimbabwe,Harare,217.0,190.4,232.5,249.0,269.7,264.0,279.0,300.7,294.0,285.2,231.0,198.4,3010.9
86,Africa,Zimbabwe,Bulawayo,244.9,212.8,251.1,252.0,279.0,267.0,288.3,300.7,288.0,272.8,237.0,226.3,3119.9
87,Africa,Malawi,Karonga,176.7,170.8,207.7,222.0,254.2,264.0,285.2,306.9,306.0,319.3,273.0,213.9,2999.7
88,Africa,Malawi,Blantyre,198.4,182.0,217.0,237.0,260.4,237.0,232.3,260.4,270.0,275.9,228.0,198.4,2797.0
89,Africa,Malawi,Mzuzu,145.7,142.1,164.3,171.0,217.0,219.0,238.5,275.9,288.0,300.7,252.0,176.7,2590.9
90,Africa,Madagascar,Fianarantsoa,191.1,171.0,175.4,184.8,186.0,165.9,163.5,191.1,220.5,230.4,208.0,190.1,2277.8
91,Africa,Madagascar,Toamasina,224.7,198.2,191.0,196.9,192.1,162.5,162.8,184.6,209.7,232.7,236.0,219.2,2410.4
92,Africa,Madagascar,Antananarivo,210.5,178.0,199.1,220.5,228.8,206.1,213.9,235.0,249.5,251.0,232.7,201.1,2626.2
93,Africa,Madagascar,Antsiranana,189.2,170.0,214.9,256.4,284.8,256.5,273.1,283.6,293.3,306.8,281.5,228.9,3039.0
94,Africa,Madagascar,Mahajanga,209.0,184.9,244.8,269.9,294.9,282.9,291.5,303.1,307.0,319.7,288.2,227.3,3223.2
95,Africa,Madagascar,Toliara,305.0,285.0,296.0,302.0,306.0,277.0,291.0,298.0,307.0,324.0,313.0,306.0,3610.0
96,Africa,Mozambique,Maputo,248.0,226.0,248.0,240.0,248.0,240.0,248.0,248.0,248.0,217.0,210.0,217.0,2838.0
97,Africa,Central African Republic,Bangui,217.0,196.0,186.0,180.0,186.0,180.0,124.0,124.0,150.0,155.0,180.0,217.0,2095.0
98,Africa,Central African Republic,Birao,289.6,275.0,270.6,248.1,255.7,216.9,190.7,186.5,210.0,267.2,290.3,297.4,2998.0
99,Africa,Uganda,Kampala,238.0,193.0,189.0,195.0,187.0,189.0,139.0,168.0,157.0,172.0,178.0,205.0,2210.0
100,Africa,Uganda,Kampala,238.0,193.0,189.0,195.0,187.0,189.0,139.0,168.0,157.0,172.0,178.0,205.0,2210.0
101,Africa,Uganda,Entebbe,233.0,204.0,205.0,180.0,192.0,186.0,198.0,195.0,195.0,201.0,198.0,211.0,2398.0
102,Africa,Burundi,Bujumbura,167.4,158.2,176.7,165.0,210.8,255.0,272.8,251.1,213.0,189.1,150.0,164.3,2373.4
103,Africa,Guinea,Conakry,223.0,224.0,251.0,222.0,208.0,153.0,109.0,87.0,135.0,189.0,207.0,214.0,2222.0
104,Africa,Guinea,Kankan,262.0,236.0,249.0,220.0,234.0,216.0,169.0,159.0,191.0,221.0,241.0,260.0,2658.0
105,Africa,Guinea-Bissau,Bissau,248.0,226.0,279.0,270.0,248.0,210.0,186.0,155.0,180.0,217.0,240.0,248.0,2707.0
106,Africa,Equatorial Guinea,Bata,201.5,192.1,173.6,177.0,189.1,147.0,142.6,142.6,114.0,114.7,141.0,186.0,1921.2
107,Africa,Equatorial Guinea,Malabo,148.8,152.5,108.5,120.0,117.8,69.0,46.5,58.9,48.0,68.2,99.0,139.5,1176.7
108,Africa,Egypt,Marsa Alam,279.0,283.0,310.0,330.0,372.0,390.0,403.0,372.0,330.0,310.0,300.0,279.0,3958.0
109,Africa,Egypt,Kharga,287.8,274.4,297.8,307.2,336.8,361.6,359.9,364.9,321.1,313.0,289.7,276.6,3790.8
110,Africa,Egypt,Dakhla Oasis,294.5,279.7,316.2,315.0,356.5,366.0,384.4,375.1,336.0,328.6,300.0,291.4,3943.4
111,Africa,Namibia,Keetmanshoop,353.0,300.0,312.0,306.0,304.0,287.0,305.0,323.0,319.0,343.0,348.0,348.0,3870.0
112,Africa,Namibia,Windhoek,288.0,254.0,282.0,273.0,310.0,309.0,326.0,341.0,321.0,319.0,297.0,285.0,3605.0
113,Asia,Afghanistan,Kabul,177.2,178.6,204.5,232.5,310.3,353.4,356.8,339.7,303.9,282.6,253.2,182.4,3175.1
114,Asia,Azerbaijan,Baku,89.9,89.0,124.0,195.0,257.3,294.0,313.1,282.1,222.0,145.7,93.0,102.3,2207.4
115,Asia,Bangladesh,Dhaka,279.0,226.0,217.0,180.0,155.0,90.0,62.0,62.0,90.0,186.0,240.0,279.0,2066.0
116,Asia,China,Beijing,194.1,194.7,231.8,251.9,283.4,261.4,212.4,220.9,232.1,222.1,185.3,180.7,2670.8
117,Asia,China,Chongqing,20.6,29.7,64.9,93.6,109.4,97.7,158.6,167.0,106.6,50.4,35.9,20.4,954.8
118,Asia,China,Lhasa,250.9,226.7,246.1,248.9,276.6,257.3,227.4,219.6,229.0,281.7,267.4,258.6,2990.2
119,Asia,China,Shanghai,114.3,119.9,128.5,148.5,169.8,130.9,190.8,185.7,167.5,161.4,131.1,127.4,1775.8
120,Asia,China,Ürümqi,101.6,128.8,180.5,248.0,283.3,282.7,298.7,301.0,262.6,224.4,127.4,84.3,2523.3
121,Asia,Hong Kong,Hong Kong,143.0,94.2,90.8,101.7,140.4,146.1,212.0,188.9,172.3,193.9,180.1,172.2,1835.6
122,Asia,India,Delhi,214.6,216.1,239.1,261.0,263.1,196.5,165.9,177.0,219.0,269.3,247.2,215.8,2684.6
123,Asia,India,Kolkata,203.9,201.2,225.8,235.4,227.1,123.1,93.1,104.9,116.2,182.6,190.8,203.4,2107.5
124,Asia,India,Mumbai,269.5,257.6,274.3,283.7,296.2,148.6,73.4,75.9,165.1,240.2,245.8,253.2,2583.5
125,Asia,India,Bangalore,262.0,248.0,271.0,257.0,241.0,137.0,112.0,114.0,144.0,173.0,190.0,212.0,2361.0
126,Asia,Indonesia,Jakarta,189.1,180.8,238.7,255.0,260.4,255.0,282.1,294.5,300.7,279.0,231.0,217.0,2983.3
127,Asia,Iran,Tehran,137.2,151.1,186.0,219.1,279.8,328.7,336.6,336.8,300.5,246.8,169.4,134.1,2826.1
128,Asia,Iraq,Baghdad,192.2,203.3,244.9,255.0,300.7,348.0,347.2,353.4,315.0,272.8,213.0,195.3,3240.8
129,Asia,Israel,Tel Aviv,192.2,200.1,235.6,270.0,328.6,357.0,368.9,356.5,300.0,279.0,234.0,189.1,3311.0
130,Asia,Japan,Sapporo,92.5,104.0,146.6,176.5,198.4,187.8,164.9,171.0,160.5,152.3,100.0,85.9,1740.4
131,Asia,Japan,Tokyo,184.5,165.8,163.1,176.9,167.8,125.4,146.4,169.0,120.9,131.0,147.9,178.0,1876.7
132,Asia,Kazakhstan,Almaty,118.0,119.0,147.0,194.0,241.0,280.0,306.0,294.0,245.0,184.0,127.0,101.0,2356.0
133,Asia,Kazakhstan,Astana,103.0,147.0,192.0,238.0,301.0,336.0,336.0,294.0,230.0,136.0,100.0,94.0,2507.0
134,Asia,Macau,Macau,127.4,79.4,71.5,85.3,136.4,155.3,223.2,195.4,176.5,192.3,172.2,159.1,1773.9
135,Asia,Mongolia,Ulaanbaatar,179.1,204.8,265.2,262.5,299.3,269.0,249.3,258.3,245.7,227.5,177.4,156.4,2791.5
136,Asia,North Korea,Pyongyang,184.0,197.0,231.0,237.0,263.0,229.0,181.0,204.0,222.0,214.0,165.0,165.0,2492.0
137,Asia,Oman,Muscat,268.6,244.8,278.3,292.5,347.4,325.7,277.7,278.6,303.9,316.9,291.9,267.0,3493.3
138,Asia,Pakistan,Karachi,270.7,249.4,271.6,277.4,299.1,231.8,155.0,147.7,218.8,283.5,273.3,272.0,2950.3
139,Asia,Pakistan,Lahore,218.8,215.0,245.8,276.6,308.3,269.0,227.5,234.9,265.6,290.0,259.6,222.9,3034.0
140,Asia,Philippines,Manila,176.7,197.8,225.8,258.0,222.7,162.0,132.8,132.8,132.0,157.6,153.0,151.9,2103.1
141,Asia,Russia,Dikson,0.0,22.6,127.1,237.0,189.1,141.0,223.2,139.5,60.0,24.8,0.0,0.0,1164.3
142,Asia,Russia,Irkutsk,93.0,149.0,207.0,223.0,266.0,264.0,243.0,218.0,182.0,152.0,93.0,62.0,2142.0
143,Asia,Russia,Omsk,68.0,125.0,184.0,235.0,284.0,319.0,321.0,248.0,180.0,105.0,71.0,61.0,2201.0
144,Asia,Russia,Petropavlovsk-Kamchatsky,105.4,115.8,176.7,192.0,192.2,192.0,170.5,176.7,177.0,158.1,123.0,93.0,1872.4
145,Asia,Russia,Vladivostok,178.0,184.0,216.0,192.0,199.0,130.0,122.0,149.0,197.0,205.0,168.0,156.0,2096.0
146,Asia,Russia,Yakutsk,18.6,98.0,232.5,273.0,303.8,333.0,347.2,272.8,174.0,105.4,60.0,9.3,2227.6
147,Asia,Saudi Arabia,Abha,266.6,265.6,294.5,282.0,288.3,276.0,232.5,238.7,273.0,291.4,273.0,266.6,3248.2
148,Asia,Saudi Arabia,Riyadh,212.4,226.6,219.8,242.3,287.7,328.2,332.1,309.2,271.6,311.4,269.2,214.3,3224.8
149,Asia,Singapore,Singapore,172.4,183.2,192.7,173.6,179.8,177.7,187.9,180.6,156.2,155.2,129.6,133.5,2022.4
150,Asia,South Korea,Busan,199.0,182.5,193.0,210.0,221.7,179.7,165.8,200.9,167.2,208.9,194.4,204.3,2327.3
151,Asia,South Korea,Seoul,160.3,163.3,189.0,205.0,213.0,182.0,120.0,152.5,176.2,198.8,153.2,152.6,2066.0
152,Asia,Taiwan,Kaohsiung,174.7,165.8,187.0,189.1,198.5,199.9,221.4,193.7,175.7,182.4,162.2,161.8,2212.2
153,Asia,Taiwan,Taichung,176.6,140.6,149.9,137.8,158.7,160.1,199.6,178.7,175.8,203.7,179.4,182.3,2043.2
154,Asia,Taiwan,Taipei,80.59999999999998,71.3,89.6,92.6,113.7,121.7,179.0,188.9,153.7,124.0,99.4,90.7,1405.2
155,Asia,Thailand,Bangkok,272.5,249.9,269.0,256.7,216.4,178.0,171.8,160.3,154.9,198.1,234.2,262.0,2623.8
156,Asia,Thailand,Chiang Mai,272.8,257.1,294.5,279.0,198.4,156.0,120.9,117.8,144.0,201.5,216.0,254.2,2512.2
157,Asia,Thailand,Hat Yai,182.9,166.7,186.0,144.0,114.7,111.0,114.7,114.7,108.0,111.6,105.0,108.5,1567.8
158,Asia,Thailand,Nakhon Ratchasima,226.3,211.9,201.5,186.0,155.0,114.0,117.8,117.8,108.0,145.7,186.0,226.3,1996.3
159,Asia,Turkey,Ankara,77.5,98.9,161.2,189.0,260.4,306.0,350.3,328.6,276.0,198.4,132.0,71.3,2449.6
160,Asia,United Arab Emirates,Dubai,254.2,229.6,254.2,294.0,344.1,342.0,322.4,316.2,309.0,303.8,285.0,254.2,3508.7
161,Asia,Uzbekistan,Tashkent,117.8,127.1,164.3,216.0,303.8,363.0,384.4,365.8,300.0,226.3,150.0,105.4,2823.9
162,Asia,Vietnam,Da Lat,255.0,234.0,255.0,202.0,190.0,147.0,157.0,136.0,133.0,140.0,172.0,215.0,2238.0
163,Asia,Vietnam,Da Nang,139.0,145.0,188.0,209.0,246.0,239.0,253.0,218.0,176.0,145.0,120.0,103.0,2182.0
164,Asia,Vietnam,Hanoi,74.0,47.0,47.0,90.0,183.0,172.0,195.0,174.0,176.0,167.0,137.0,124.0,1585.0
165,Asia,Vietnam,Ho Chi Minh City,245.0,246.0,272.0,239.0,195.0,171.0,180.0,172.0,162.0,182.0,200.0,226.0,2489.0
166,Europe,Albania,Tirana,124.0,125.0,165.0,191.0,263.0,298.0,354.0,327.0,264.0,218.0,127.0,88.0,2544.0
167,Europe,Armenia,Yerevan,93.0,108.0,162.0,177.0,242.0,297.0,343.0,332.0,278.0,212.0,138.0,92.0,2474.0
168,Europe,Austria,Vienna,66.0,106.0,128.0,183.0,239.0,228.0,260.0,251.0,168.0,139.0,66.0,51.0,1884.0
169,Europe,Belarus,Minsk,34.0,72.0,133.0,185.0,270.0,267.0,271.0,251.0,154.0,103.0,39.0,28.0,1807.0
170,Europe,Belgium,Brussels,59.0,77.0,114.0,159.0,191.0,188.0,201.0,190.0,143.0,113.0,66.0,45.0,1546.0
171,Europe,Bosnia and Herzegovina,Sarajevo,57.0,84.0,126.0,152.0,192.0,207.0,256.0,238.0,187.0,149.0,81.0,41.0,1769.0
172,Europe,Bulgaria,Sofia,88.0,114.0,160.0,182.0,230.0,258.0,302.0,288.0,220.0,164.0,106.0,66.0,2177.0
173,Europe,Croatia,Zagreb,59.0,96.0,140.0,175.0,234.0,244.0,281.0,256.0,187.0,131.0,66.0,45.0,1913.0
174,Europe,Czech Republic,Prague,50.0,72.0,125.0,168.0,214.0,218.0,226.0,212.0,161.0,121.0,54.0,47.0,1668.0
175,Europe,Cyprus,Nicosia,182.9,200.1,238.7,267.0,331.7,369.0,387.5,365.8,312.0,275.9,213.0,170.5,3314.1
176,Europe,Denmark,Copenhagen,46.0,62.0,148.0,214.0,243.0,238.0,243.0,194.0,166.0,105.0,46.0,34.0,1739.0
177,Europe,Estonia,Tallinn,25.0,56.0,129.0,203.0,293.0,286.0,307.0,241.0,152.0,87.0,29.0,19.0,1826.0
178,Europe,Faroe Islands,Tórshavn,14.0,36.0,71.0,106.0,124.0,125.0,111.0,98.0,80.0,49.0,20.0,6.0,840.0
179,Europe,Finland,Helsinki,38.0,70.0,138.0,194.0,284.0,297.0,291.0,238.0,150.0,93.0,36.0,29.0,1858.0
180,Europe,France,Marseille,150.0,156.0,215.0,245.0,293.0,326.0,366.0,327.0,254.0,205.0,156.0,143.0,2836.0
181,Europe,France,Paris,63.0,79.0,129.0,166.0,194.0,202.0,212.0,212.0,168.0,118.0,68.0,51.0,1662.0
182,Europe,Georgia,Tbilisi,99.0,102.0,142.0,171.0,213.0,249.0,256.0,248.0,206.0,164.0,103.0,93.0,2046.0
183,Europe,Germany,Berlin,47.0,74.0,121.0,159.0,220.0,222.0,217.0,211.0,156.0,112.0,51.0,37.0,1626.0
184,Europe,Germany,Frankfurt,50.0,80.0,121.0,178.0,211.0,219.0,233.0,219.0,156.0,103.0,51.0,41.0,1662.0
185,Europe,Greece,Athens,158.0,168.0,189.0,225.0,304.0,360.0,384.0,360.0,252.0,198.0,144.0,105.0,2848.0
186,Europe,Greece,Ierapetra,156.0,159.0,208.0,240.0,319.0,355.0,385.0,368.0,308.0,236.0,201.0,167.0,3102.0
187,Europe,Hungary,Budapest,62.0,93.0,137.0,177.0,234.0,250.0,271.0,255.0,187.0,141.0,69.0,52.0,1988.0
188,Europe,Iceland,Reykjavik,20.0,60.0,109.0,164.0,201.0,174.0,168.0,155.0,120.0,93.0,41.0,22.0,1326.0
189,Europe,Ireland,Dublin,59.0,75.0,109.0,160.0,195.0,179.0,164.0,157.0,129.0,103.0,71.0,53.0,1453.0
190,Europe,Italy,Milan,59.0,96.0,152.0,177.0,211.0,243.0,285.0,251.0,186.0,130.0,66.0,59.0,1915.0
191,Europe,Italy,Rome,121.0,133.0,167.0,201.0,264.0,285.0,332.0,298.0,237.0,195.0,129.0,112.0,2473.0
192,Europe,Latvia,Riga,31.0,62.0,127.0,183.0,264.0,288.0,264.0,229.0,153.0,93.0,39.0,22.0,1754.0
193,Europe,Lithuania,Vilnius,36.0,71.0,117.0,164.0,241.0,231.0,219.0,217.0,140.0,94.0,33.0,25.0,1588.0
194,Europe,Malta,Valletta,169.0,178.0,227.0,254.0,310.0,337.0,377.0,352.0,270.0,224.0,195.0,161.0,3054.0
195,Europe,Moldova,Chișinău,75.0,80.0,125.0,187.0,254.0,283.0,299.0,295.0,226.0,169.0,75.0,58.0,2126.0
196,Europe,Montenegro,Podgorica,123.0,126.0,170.0,194.0,251.0,276.0,340.0,314.0,252.0,201.0,126.0,109.0,2481.0
197,Europe,Netherlands,Amsterdam,63.0,88.0,126.0,183.0,222.0,206.0,217.0,197.0,139.0,109.0,62.0,51.0,1662.0
198,Europe,North Macedonia,Skopje,87.0,113.0,161.0,198.0,245.0,276.0,323.0,305.0,248.0,188.0,115.0,80.0,2339.0
199,Europe,Norway,Oslo,40.0,76.0,126.0,178.0,220.0,250.0,246.0,216.0,144.0,86.0,51.0,35.0,1668.0
200,Europe,Poland,Warsaw,43.0,59.0,115.0,150.0,211.0,237.0,226.0,214.0,153.0,99.0,39.0,25.0,1571.0
201,Europe,Portugal,Lisbon,143.0,157.0,208.0,234.0,291.0,303.0,353.0,344.0,261.0,214.0,156.0,143.0,2806.0
202,Europe,Romania,Bucharest,71.0,85.0,140.0,186.0,245.0,267.0,288.0,282.0,225.0,177.0,87.0,62.0,2115.0
203,Europe,Russia,Moscow,37.0,65.0,142.0,213.0,274.0,299.0,323.0,242.0,171.0,88.0,33.0,14.0,1901.0
204,Europe,Russia,Sochi,96.0,107.0,146.0,162.0,220.0,258.0,279.0,282.0,225.0,195.0,120.0,87.0,2178.0
205,Europe,Serbia,Belgrade,72.0,102.0,153.0,188.0,242.0,261.0,291.0,274.0,204.0,163.0,97.0,65.0,2112.0
206,Europe,Slovakia,Bratislava,65.0,82.0,152.0,204.0,264.0,270.0,276.0,270.0,207.0,143.0,60.0,47.0,2038.0
207,Europe,Slovenia,Ljubljana,71.0,114.0,149.0,178.0,235.0,246.0,293.0,264.0,183.0,120.0,66.0,56.0,1974.0
208,Europe,Spain,Barcelona,158.0,171.0,206.0,239.0,258.0,287.0,293.0,264.0,229.0,196.0,153.0,137.0,2591.0
209,Europe,Spain,Madrid,148.0,157.0,214.0,231.0,272.0,310.0,359.0,335.0,261.0,198.0,157.0,124.0,2769.0
210,Europe,Spain,Seville,179.0,183.0,224.0,234.0,287.0,312.0,351.0,328.0,250.0,218.0,186.0,154.0,2906.0
211,Europe,Sweden,Gothenburg,48.0,75.0,151.0,201.0,274.0,286.0,285.0,245.0,178.0,108.0,47.0,29.0,1922.0
212,Europe,Sweden,Stockholm,40.0,72.0,135.0,185.0,276.0,292.0,260.0,221.0,154.0,99.0,54.0,33.0,1821.0
213,Europe,Switzerland,Zurich,48.0,77.0,125.0,159.0,186.0,204.0,230.0,208.0,151.0,93.0,50.0,35.0,1566.0
214,Europe,Turkey,Istanbul,71.0,88.0,133.0,180.0,251.0,300.0,322.0,295.0,243.0,164.0,102.0,68.0,2218.0
215,Europe,Ukraine,Kiev,31.0,57.0,124.0,180.0,279.0,270.0,310.0,248.0,210.0,155.0,60.0,31.0,1955.0
216,Europe,United Kingdom,Edinburgh,54.0,79.0,115.0,145.0,188.0,166.0,172.0,162.0,129.0,101.0,71.0,46.0,1427.0
217,Europe,United Kingdom,London,62.0,78.0,115.0,169.0,199.0,204.0,212.0,205.0,149.0,117.0,73.0,52.0,1633.0
218,North America,Canada,Calgary,119.5,144.6,177.2,220.2,249.4,269.9,314.1,284.0,207.0,175.4,121.1,114.0,2396.3
219,North America,Canada,Churchill,79.7,117.7,177.8,198.2,197.0,243.0,281.7,225.9,112.0,58.1,55.3,53.1,1799.5
220,North America,Canada,Edmonton,100.8,121.7,176.3,244.2,279.9,285.9,307.5,282.3,192.7,170.8,98.4,84.5,2344.8
221,North America,Canada,Iqaluit,32.4,94.0,172.2,216.5,180.5,200.2,236.8,156.8,87.9,51.4,35.6,12.6,1476.8
222,North America,Canada,Montreal,101.0,128.0,164.0,178.0,229.0,240.0,272.0,246.0,182.0,144.0,84.0,84.0,2051.0
223,North America,Canada,Toronto,85.9,111.3,161.0,180.0,227.7,259.6,279.6,245.6,194.4,154.3,88.9,78.09999999999998,2066.4
224,North America,Canada,Vancouver,60.1,91.0,134.8,185.0,222.5,226.9,289.8,277.1,212.8,120.7,60.4,56.5,1937.6
225,North America,Canada,Whitehorse,43.8,105.5,163.2,238.5,251.1,266.7,247.6,226.5,132.7,84.9,39.8,26.8,1827.1
226,North America,Canada,Winnipeg,114.7,133.9,181.9,241.4,285.3,276.3,308.3,281.4,189.0,147.4,93.9,99.5,2352.9
227,North America,Mexico,La Paz,200.0,234.0,271.0,292.0,332.0,322.0,287.0,258.0,257.0,272.0,233.0,190.0,3148.0
228,North America,Mexico,Mexico City,240.0,234.0,268.0,232.0,225.0,183.0,176.0,176.0,157.0,194.0,232.0,236.0,2555.0
229,North America,Mexico,Monterrey,142.0,154.0,195.0,193.0,192.0,206.0,249.0,242.0,200.0,170.0,163.0,133.0,2239.0
230,North America,Mexico,Villahermosa,168.0,185.0,252.0,215.0,278.0,217.0,252.0,245.0,167.0,150.0,170.0,144.0,2443.0
231,North America,United States,Albuquerque,234.2,225.3,270.2,304.6,347.4,359.3,335.0,314.2,286.7,281.4,233.8,223.3,3415.4
232,North America,United States,Anchorage,82.9,120.5,195.8,235.3,288.7,274.7,250.1,203.9,159.8,117.1,80.59999999999998,51.8,2061.2
233,North America,United States,Juneau,80.9,89.2,137.3,182.3,231.7,189.3,182.9,161.6,109.6,66.2,58.5,41.2,1530.7
234,North America,United States,Atlanta,164.0,171.7,220.5,261.2,288.6,284.8,273.8,258.6,227.5,238.5,185.1,164.0,2738.3
235,North America,United States,Austin,163.8,169.3,205.9,205.8,227.1,285.5,317.2,297.9,233.8,215.6,168.3,153.5,2643.7
236,North America,United States,Baltimore,155.4,164.0,215.0,230.7,254.5,277.3,290.1,264.4,221.8,205.5,158.5,144.5,2581.7
237,North America,United States,Boise,109.3,151.9,238.6,281.4,335.5,351.6,399.8,358.8,303.6,238.1,119.6,105.2,2993.4
238,North America,United States,Boston,163.4,168.4,213.7,227.2,267.3,286.5,300.9,277.3,237.1,206.3,143.2,142.3,2633.6
239,North America,United States,Charlotte,173.3,180.3,234.8,269.6,292.1,289.2,290.0,272.9,241.4,230.5,178.4,168.5,2821.0
240,North America,United States,Chicago,135.8,136.2,187.0,215.3,281.9,311.4,318.4,283.0,226.6,193.2,113.3,106.3,2508.4
241,North America,United States,Cleveland,101.0,122.3,167.0,216.0,263.6,294.6,307.2,262.2,219.0,169.5,89.8,67.8,2280.0
242,North America,United States,Columbus,110.6,126.3,162.0,201.8,243.4,258.1,260.9,235.9,212.0,183.1,104.2,84.3,2182.6
243,North America,United States,Dallas,183.5,178.3,227.7,236.0,258.4,297.8,332.4,304.5,246.2,228.1,183.8,173.0,2849.7
244,North America,United States,Denver,215.3,211.1,255.6,276.2,290.0,315.3,325.0,306.4,272.3,249.2,194.3,195.9,3106.6
245,North America,United States,Detroit,119.9,138.3,184.9,217.0,275.9,301.8,317.0,283.5,227.6,176.0,106.3,87.7,2435.9
246,North America,United States,El Paso,254.5,263.0,326.0,348.0,384.7,384.1,360.2,335.4,304.1,298.6,257.6,246.3,3762.5
247,North America,United States,Fresno,141.5,196.9,286.2,335.5,398.9,412.2,428.2,399.6,345.9,302.3,189.9,127.1,3564.2
248,North America,United States,Honolulu,213.5,212.7,259.2,251.8,280.6,286.1,306.2,303.1,278.8,244.0,200.4,199.5,3035.9
249,North America,United States,Houston,143.4,155.0,192.5,209.8,249.2,281.3,293.9,270.5,236.5,228.8,168.3,148.7,2577.9
250,North America,United States,Indianapolis,132.1,145.7,178.3,214.8,264.7,287.2,295.2,273.7,232.6,196.6,117.1,102.4,2440.4
251,North America,United States,Jacksonville,189.4,193.8,257.9,286.4,303.9,283.6,282.0,262.4,228.2,214.6,193.9,183.6,2879.7
252,North America,United States,Kansas City,183.7,174.3,223.9,257.8,285.0,305.5,329.3,293.9,240.5,213.6,155.3,147.1,2809.9
253,North America,United States,Las Vegas,245.2,246.7,314.6,346.1,388.1,401.7,390.9,368.5,337.1,304.4,246.0,236.0,3825.3
254,North America,United States,Los Angeles,225.3,222.5,267.0,303.5,276.2,275.8,364.1,349.5,278.5,255.1,217.3,219.4,3254.2
255,North America,United States,Louisville,140.5,148.9,188.6,221.1,263.4,288.9,293.6,272.6,234.3,208.5,135.7,118.3,2514.4
256,North America,United States,Memphis,166.6,173.8,215.3,254.6,301.5,320.6,326.9,307.0,251.2,245.9,173.0,151.9,2888.3
257,North America,United States,Miami,219.8,216.9,277.2,293.8,301.3,288.7,308.7,288.3,262.2,260.2,220.8,216.1,3154.0
258,North America,United States,Milwaukee,140.2,151.5,185.4,213.5,275.5,304.5,321.1,281.2,215.1,178.0,112.8,104.8,2483.6
259,North America,United States,Minneapolis,156.7,178.3,217.5,242.1,295.2,321.9,350.5,307.2,233.2,181.0,112.8,114.3,2710.7
260,North America,United States,Nashville,139.6,145.2,191.3,231.5,261.8,277.7,279.0,262.1,226.4,216.8,148.1,130.6,2510.1
261,North America,United States,New Orleans,153.0,161.5,219.4,251.9,278.9,274.3,257.1,251.9,228.7,242.6,171.8,157.8,2648.9
262,North America,United States,New York,162.7,163.1,212.5,225.6,256.6,257.3,268.2,268.2,219.3,211.2,151.0,139.0,2534.7
263,North America,United States,Oklahoma City,200.8,189.7,244.2,271.3,295.2,326.1,356.6,329.3,263.7,245.1,186.5,180.9,3089.4
264,North America,United States,Omaha,167.8,157.6,206.4,230.1,277.1,314.0,332.5,296.3,245.5,217.5,148.0,134.1,2726.9
265,North America,United States,Philadelphia,155.7,154.7,202.8,217.0,245.1,271.2,275.6,260.1,219.3,204.5,154.7,137.7,2498.4
266,North America,United States,Phoenix,256.0,257.2,318.4,353.6,401.0,407.8,378.5,360.8,328.6,308.9,256.0,244.8,3871.6
267,North America,United States,Pittsburgh,93.9,108.5,155.4,182.8,217.4,242.2,254.9,228.4,196.7,167.3,99.4,74.4,2021.3
268,North America,United States,Portland,85.6,116.4,191.1,221.1,276.1,290.2,331.9,298.1,235.7,151.7,79.3,63.7,2340.9
269,North America,United States,Raleigh,163.8,173.1,228.9,250.7,258.4,267.7,259.5,239.6,217.6,215.4,174.0,157.6,2606.3
270,North America,United States,Richmond,172.5,179.7,233.3,261.6,288.0,306.4,301.4,278.9,237.9,222.8,183.5,163.0,2829.0
271,North America,United States,Sacramento,145.5,201.3,278.0,329.6,406.3,419.5,440.2,406.9,347.8,296.7,194.9,141.1,3607.8
272,North America,United States,Salt Lake City,127.4,163.1,241.9,269.1,321.7,360.5,380.5,352.5,301.1,248.1,150.4,113.1,3029.4
273,North America,United States,San Antonio,159.4,169.7,215.5,209.7,221.8,275.9,308.8,293.9,234.9,218.0,171.9,149.7,2629.2
274,North America,United States,San Diego,239.3,227.4,261.0,276.2,250.5,242.4,304.7,295.0,253.3,243.4,230.1,231.3,3054.6
275,North America,United States,San Francisco,185.9,207.7,269.1,309.3,325.1,311.4,313.3,287.4,271.4,247.1,173.4,160.6,3061.7
276,North America,United States,Seattle,69.8,108.8,178.4,207.3,253.7,268.4,312.0,281.4,221.7,142.6,72.7,52.9,2169.7
277,North America,United States,St. Louis,161.2,158.3,198.3,223.5,266.5,291.9,308.9,269.8,236.1,208.4,140.9,129.9,2593.7
278,North America,United States,Tampa,199.9,202.7,267.5,299.1,314.5,277.8,265.3,249.5,223.0,233.9,201.7,191.6,2926.5
279,North America,United States,Tucson,259.9,258.2,320.7,357.2,400.8,396.9,342.7,335.6,316.4,307.4,264.4,245.8,3806.0
280,North America,United States,Tulsa,175.8,171.7,219.6,244.4,266.7,294.8,334.7,305.3,232.5,218.6,161.1,160.8,2786.0
281,North America,United States,Virginia Beach,171.5,175.2,229.3,252.8,271.7,280.1,278.3,260.4,231.4,208.3,175.7,160.4,2695.1
282,North America,United States,Washington,144.6,151.8,204.0,228.2,260.5,283.2,280.5,263.1,225.0,203.6,150.2,133.0,2527.7
283,North America,United States,Wichita,190.9,186.4,230.4,257.8,289.8,305.0,342.1,309.2,245.6,226.3,170.2,168.7,2922.4
284,North America,United States,Yuma,268.4,270.8,335.5,365.5,407.4,415.4,392.6,375.6,341.7,319.6,270.1,252.7,4015.3
285,North America,Honduras,La Ceiba,170.5,192.1,217.0,234.0,213.9,192.0,201.5,217.0,174.0,151.9,144.0,151.9,2259.8
286,North America,Nicaragua,Managua,263.5,254.2,291.4,276.0,229.4,186.0,151.9,195.3,210.0,223.2,231.0,248.0,2759.9
287,North America,Panama,Panama City,228.9,245.2,183.9,173.1,108.5,116.3,106.1,118.1,99.2,103.9,139.8,120.5,1743.5
288,North America,Puerto Rico,San Juan,118.9,200.2,288.9,153.1,214.5,310.3,302.1,268.1,212.2,222.9,139.8,120.5,2700.5
289,North America,El Salvador,San Salvador,301.0,277.0,294.0,243.0,220.0,174.0,239.0,257.0,180.0,211.0,267.0,294.0,2957.0
290,North America,Saint Pierre and Miquelon,Saint-Pierre,49.6,70.2,115.5,131.9,165.8,172.6,164.8,173.5,156.1,119.0,63.0,45.4,1427.3
291,South America,Argentina,Buenos Aires,279.0,240.8,229.0,220.0,173.6,132.0,142.6,173.6,189.0,227.0,252.0,266.6,2525.2
292,South America,Argentina,Ushuaia,180.2,150.4,124.9,92.7,78.0,50.3,35.0,58.3,87.6,113.0,140.0,170.8,1281.2
293,South America,Argentina,Mendoza,297.6,257.6,235.6,219.0,195.3,168.0,182.9,229.4,225.0,282.1,294.0,285.2,2871.7
294,South America,Argentina,La Plata,251.1,229.6,210.8,186.0,155.0,120.0,127.1,161.2,171.0,207.7,225.0,238.7,2283.2
295,South America,Bolivia,La Paz,182.9,152.6,148.8,165.0,222.7,240.0,235.6,217.0,189.0,179.8,171.0,186.0,2288.9
296,South America,Brazil,São Paulo,170.6,162.2,167.1,165.8,182.3,172.6,187.1,175.3,152.6,153.9,163.0,150.8,2003.3
297,South America,Brazil,Brasília,154.4,157.5,180.9,201.1,234.3,253.4,266.5,262.9,203.2,168.2,142.5,138.1,2363.3
298,South America,Brazil,Rio de Janeiro,211.9,201.3,206.4,181.0,186.3,175.1,188.6,184.8,146.2,152.1,168.5,179.6,2181.1
299,South America,Brazil,Fortaleza,225.2,182.3,150.0,157.1,208.4,238.7,268.3,295.9,281.6,291.4,282.2,262.3,2843.4
300,South America,Brazil,Manaus,114.3,87.7,98.5,111.9,148.6,184.8,214.2,225.0,200.5,171.2,140.9,130.9,1828.5
301,South America,Brazil,Curitiba,184.4,160.8,172.0,164.2,178.3,160.2,173.4,175.4,134.1,155.5,177.0,170.9,2006.2
302,South America,Colombia,Bogotá,156.0,128.0,107.0,88.0,83.0,94.0,114.0,117.0,109.0,96.0,103.0,138.0,1328.0
303,South America,Colombia,Barranquilla,283.0,245.0,241.0,211.0,187.0,194.0,217.0,208.0,166.0,167.0,191.0,252.0,2561.0
304,South America,Colombia,Medellín,175.5,149.0,154.2,127.9,138.9,173.0,203.2,191.6,153.4,132.9,136.4,156.2,1892.2
305,South America,Colombia,Cali,183.0,155.8,166.5,139.0,147.1,153.1,189.9,175.1,157.4,151.1,153.8,170.1,1941.9
306,South America,Colombia,Buenaventura,87.0,87.0,96.0,105.0,99.0,99.0,115.0,124.0,93.0,99.0,87.0,87.0,1178.0
307,South America,Colombia,Totoró,73.0,58.0,53.0,48.0,60.0,47.0,49.0,52.0,50.0,43.0,47.0,57.0,637.0
308,South America,Chile,Santiago,362.7,302.3,272.8,201.0,155.0,120.0,145.7,161.2,186.0,248.0,306.0,347.2,2807.9
309,South America,Chile,Antofagasta,319.3,291.0,294.5,252.0,229.4,207.0,204.6,213.9,219.0,260.4,276.0,310.0,3077.1
310,South America,Chile,Valdivia,257.3,228.8,204.6,123.0,68.2,45.0,65.1,89.9,111.0,127.1,189.0,207.7,1716.7
311,South America,Chile,Puerto Montt,226.3,211.9,167.4,123.0,80.59999999999998,60.0,74.4,102.3,129.0,155.0,171.0,213.9,1714.8
312,South America,Chile,Calama,353.4,305.1,319.3,312.0,306.9,297.0,310.0,316.2,321.0,356.5,363.0,365.8,3926.2
313,South America,Ecuador,Quito,197.0,140.0,122.0,136.0,164.0,189.0,249.0,256.0,196.0,177.0,197.0,215.0,2238.0
314,South America,Ecuador,Guayaquil,102.3,101.7,139.5,150.0,167.4,123.0,127.1,133.3,144.0,136.4,120.0,136.4,1581.1
315,South America,Falkland Islands,Stanley,198.0,161.0,169.0,115.0,77.0,57.0,69.0,90.0,128.0,189.0,200.0,198.0,1651.0
316,South America,French Guiana,Cayenne,94.3,89.9,119.0,118.1,118.8,148.6,196.5,229.8,255.2,251.1,217.3,137.5,1976.0
317,South America,Paraguay,Asunción,276.0,169.0,246.0,254.0,228.0,205.0,165.0,195.0,223.0,204.0,242.0,295.0,2803.0
318,South America,Peru,Arequipa,223.2,189.3,244.9,294.0,288.3,291.0,291.4,310.0,297.0,303.8,309.0,291.4,3333.3
319,South America,Peru,Lima,179.1,169.0,139.2,184.0,116.4,50.6,28.6,32.3,37.3,65.3,89.0,139.2,1230.0
320,South America,Peru,Iquitos,137.2,97.1,105.8,97.4,110.3,113.7,140.8,154.7,139.0,131.8,124.2,124.6,1476.7
321,South America,Uruguay,Montevideo,294.9,230.6,222.8,179.6,164.2,129.7,139.7,164.4,182.3,239.0,248.9,285.3,2481.4
322,South America,Venezuela,Caracas,229.4,217.5,235.6,183.0,182.9,183.0,210.8,217.0,213.0,210.8,210.0,213.9,2506.9
323,South America,Venezuela,Maracaibo,300.0,279.0,286.0,257.0,243.0,253.0,301.0,279.0,272.5,283.0,258.0,273.0,3284.0
324,Oceania,Australia,Adelaide,325.5,285.3,266.6,219.0,167.4,138.0,148.8,186.0,204.0,257.3,273.0,294.5,2765.4
325,Oceania,Australia,Brisbane,263.5,223.2,232.5,234.0,235.6,198.0,238.7,266.6,270.0,275.9,270.0,265.4,2968.4
326,Oceania,Australia,Canberra,294.5,254.3,251.1,219.0,186.0,156.0,179.8,217.0,231.0,266.6,267.0,291.4,2813.7
327,Oceania,Australia,Darwin,176.7,162.4,210.8,261.0,297.6,297.0,313.1,319.3,297.0,291.4,252.0,213.9,3092.2
328,Oceania,Australia,Hobart,248.0,206.2,198.4,159.0,130.2,117.0,136.4,155.0,177.0,201.5,207.0,229.4,2165.1
329,Oceania,Australia,Melbourne,266.6,228.8,223.2,186.0,142.6,120.0,136.4,164.3,183.0,223.2,225.0,263.5,2362.6
330,Oceania,Australia,Perth,356.5,314.9,295.5,246.0,211.7,180.6,188.4,219.8,232.4,299.8,320.4,359.4,3229.5
331,Oceania,Australia,Sydney,235.6,202.4,213.9,207.0,195.3,177.0,204.6,244.9,237.0,244.9,228.0,244.9,2635.5
332,Oceania,Fiji,Suva,192.2,178.0,170.5,153.0,145.7,141.0,136.4,142.6,135.0,164.3,168.0,195.3,1922.0
333,Oceania,New Zealand,Auckland,228.8,194.9,189.2,157.3,139.8,110.3,128.1,142.9,148.6,178.1,188.1,197.2,2003.1
334,Oceania,New Zealand,Christchurch,224.4,190.5,177.4,155.6,133.3,117.7,124.8,149.0,166.6,201.3,215.3,214.3,2070.2
335,Oceania,New Zealand,Wellington,240.3,205.0,194.7,153.8,126.0,102.3,111.4,137.2,163.2,191.1,210.8,222.9,2058.7
336,Oceania,Papua New Guinea,Port Moresby,182.0,158.0,184.0,200.0,211.0,200.0,203.0,222.0,213.0,231.0,243.0,216.0,2463.0
337,Oceania,Solomon Islands,Honiara,186.0,155.4,198.4,192.0,210.8,198.0,186.0,204.6,192.0,226.3,216.0,164.3,2330.0
